"org","site","pct_this","pct_that","pct_other","num_things","narrative","program","programType"
"Mars","Hong Kong",0.56,0.64,0.65,329,"""Don't take it so much amiss, sir,"" pleaded the keeper to the angry passenger; ""I'll sit next you myself. I'll put 'em on the outside of the row. They won't interfere with you, sir. You needn't know they're there.""","Dominion","Games"
"Pluto","Guinea-Bissau",0.9,0.92,0.6,210,"""Why, you're a regular cross-examiner!"" said Mr. Wemmick, looking at me with an approving air. ""Yes, I know him. I know him!""","Liszt","Composers"
"Pluto","Ghana",0.76,0.77,0.77,308,"By and by, his door opened and he came out. I could not bring myself to bear the sight of him, and I thought he had a worse look by daylight.","Trivial Pursuit","Games"
"Earth","Mayotte",0.85,0.12,0.17,221,"""My dear Joe,"" I cried, in desperation, taking hold of his coat, ""don't go on in that way. I never thought of making Miss Havisham any present.""","Stravinsky","Composers"
"Saturn","Costa Rica",0,0.67,0.08,309,"""Ah, young master, there's more changes than yours. But come in, come in. It's opposed to my orders to hold the gate open.""","Settlers of Catan","Games"
"Mars","Honduras",0.29,0.39,0.04,234,"""It's not much to be particular about,"" said the sergeant; ""it'll do you small good, my man, being in the same plight yourself. Handcuffs there!""","Brahms","Composers"
"Mars","Tokelau",0.59,0.17,0.64,178,"""A fellow like our friend the Spider,"" answered Mr. Jaggers, ""either beats or cringes. He may cringe and growl, or cringe and not growl; but he either beats or cringes. Ask Wemmick his opinion.""","Ticket to Ride","Games"
"Mars","Guatemala",0.84,0.91,0.28,215,"Biddy asked me here, as she sat holding my sister's plate, ""Have you thought about when you'll show yourself to Mr. Gargery, and your sister and me? You will show yourself to us; won't you?""","Dvorak","Composers"
"Saturn","Cook Islands",0.14,0.18,0.4,251,"We made all the haste we could down stairs, but we were not quick enough either. Standing at the door was a Jewish man with an unnatural heavy smear of eyebrow, who caught my eyes as we advanced, and said, when we came up with him,—","JS Bach","Composers"
"Pluto","Chad",0.49,0.82,0.52,336,"His enjoyment of the spectacle I furnished, as he sat with his arms folded on the table, shaking his head at me and hugging himself, had a malignity in it that made me tremble. As I watched him in silence, he put his hand into the corner at his side, and took up a gun with a brass-bound stock.","Haydn","Composers"
"Pluto","Somalia",0.1,0.65,0.36,296,"""I wouldn't go into that,"" said Wemmick, evasively, ""it might clash with official responsibilities. I heard it, as I have in my time heard other curious things in the same place. I don't tell it you on information received. I heard it.""","Stravinsky","Composers"
"Venus","Bahamas",0.62,0.08,0.97,183,"As he extended his hand with a magnificently forgiving air, and as I was broken by illness and unfit to quarrel, I took it.","Mozart","Composers"
"Neptune","Luxembourg",0.56,0.76,0.55,237,"""I little thought,"" said Estella, ""that I should take leave of you in taking leave of this spot. I am very glad to do so.""","Dominion","Games"
"Neptune","Latvia",0.32,0.39,0.05,298,"I divined that my coming had stopped conversation in the room, and that its other occupants were looking at me. I could see nothing of the room except the shining of the fire in the window-glass, but I stiffened in all my joints with the consciousness that I was under close inspection.","Wagner","Composers"
"Venus","Mali",0.62,0.67,0.84,243,"""Perhaps if I warn't a blacksmith's wife, and (what's the same thing) a slave with her apron never off, I should have been to hear the Carols,"" said Mrs. Joe. ""I'm rather partial to Carols, myself, and that's the best of reasons for my never hearing any.""","Stravinsky","Composers"
"Earth","Georgia",0.84,0.37,0.33,341,"""Missis,"" returned the gallant sergeant, ""speaking for myself, I should reply, the honor and pleasure of his fine wife's acquaintance; speaking for the king, I answer, a little job done.""","CLUE","Games"
"Saturn","Netherlands",0.62,0.31,0.1,223,"""You know he is Miss Havisham's man of business and solicitor, and has her confidence when nobody else has?""","Risk","Games"
"Earth","Sweden",0.55,0.43,0.24,227,"Being at last touched on the shoulder, I started and turned. I started much more naturally then, to find myself confronted by a man in a sober gray dress. The last man I should have expected to see in that place of porter at Miss Havisham's door.","Puerto Rico","Games"
"Pluto","France",0.52,0.08,0.89,278,"After which, Joe withdrew to the window, and stood with his back towards me, wiping his eyes. And as my extreme weakness prevented me from getting up and going to him, I lay there, penitently whispering, ""O God bless him! O God bless this gentle Christian man!""","Stravinsky","Composers"
"Earth","Kenya",0.41,0.19,0.01,272,"""I should have said this sooner, but for my long mistake. It induced me to hope that Miss Havisham meant us for one another. While I thought you could not help yourself, as it were, I refrained from saying it. But I must say it now.""","Trivial Pursuit","Games"
"Venus","Malta",0.14,0.78,0.78,278,"I had filled up the bottle from the tar-water jug. I knew he would be worse by and by. I moved the table, like a Medium of the present day, by the vigor of my unseen hold upon it.","Risk","Games"
"Earth","Cameroon",0.51,0.83,0.43,204,"I frowningly sat down to my breakfast. Mr. Pumblechook stood over me and poured out my tea—before I could touch the teapot—with the air of a benefactor who was resolved to be true to the last.","Schubert","Composers"
"Mars","Yemen",0.4,0.68,0.79,135,"""You know, old chap,"" said Joe, looking at me, and not at Mrs. Joe, with his bite still in his cheek, ""I Bolted, myself, when I was your age—frequent—and as a boy I've been among a many Bolters; but I never see your Bolting equal yet, Pip, and it's a mercy you ain't Bolted dead.""","Wagner","Composers"
"Uranus","Gabon",0.76,0.3,0.95,212,"It was not so much a reproach as an irresistible thinking aloud. Well! I thought I would give up that point too. So, I walked a little further with Biddy, looking silently at her downcast eyes.","Ticket to Ride","Games"
"Saturn","Vietnam",0.74,1,0.61,283,"""I wish to be quite right, Mr. Jaggers, and to keep to your directions; so I thought I had better ask. Would there be any objection to my taking leave of any one I know, about here, before I go away?""","Mendelssohn","Composers"
"Jupiter","Mauritania",0.72,0.47,0.25,256,"""I'm a going,"" said he, bringing his fist down upon the table with a heavy blow, and rising as the blow fell to give it greater force,—""I'm a going to have your life!""","Dvorak","Composers"
"Mars","Nigeria",0.5,0.98,0.08,283,"""Biddy,"" said I, when I talked with her after dinner, as her little girl lay sleeping in her lap, ""you must give Pip to me one of these days; or lend him, at all events.""","Debussy","Composers"
"Saturn","Nepal",0.98,0.62,0.61,266,"""Do this look like a forge?"" replied Orlick, sending his glance all round him with an air of injury. ""Now, do it look like it?""","Yahtzee","Games"
"Saturn","Maldives",0.05,0.19,0.59,302,"""And now you!"" said Mr. Jaggers, suddenly stopping, and turning on the two women with the shawls, from whom the three men had meekly separated,—""Oh! Amelia, is it?""","Mendelssohn","Composers"
"Neptune","India",0.13,0.06,0.63,310,"""No, my young friend,"" he interrupted, shaking his head and frowning and smiling both at once,—""no, no, no; it's very well done, but it won't do; you are too young to fix me with it. Recommendation is not the word, Mr. Pip. Try another.""","Mendelssohn","Composers"
"Pluto","Macau",0.07,0.41,0.68,210,"""You see my state,"" said I. ""I would come with you if I could; but indeed I am quite unable. If you take me from here, I think I shall die by the way.""","Stratego","Games"
"Neptune","Libya",0.39,0.79,0.37,223,"""Could I make a guess, I wonder,"" said the Convict, ""at your income since you come of age! As to the first figure now. Five?""","Wagner","Composers"
"Saturn","Solomon Islands",0.55,0.64,0.88,266,"Thus, we walked through Wemmick's greenhouse, until he turned to me and said, ""Notice the man I shall shake hands with."" I should have done so, without the preparation, as he had shaken hands with no one yet.","Battleship","Games"
"Uranus","Sierra Leone",0.11,0.69,0.28,293,"""We made the money up this morning, sir,"" said one of the men, submissively, while the other perused Mr. Jaggers's face.","Chess","Games"
"Neptune","Tajikistan",0.49,0.12,0.51,309,"With this project formed, we went to bed. I had the wildest dreams concerning him, and woke unrefreshed; I woke, too, to recover the fear which I had lost in the night, of his being found out as a returned transport. Waking, I never lost that fear.","Wagner","Composers"
"Earth","Estonia",0.08,0.09,0.14,281,"As I stood opposite to Mr. Pocket, Junior, delivering him the bags, One, Two, I saw the starting appearance come into his own eyes that I knew to be in mine, and he said, falling back,—","Chess","Games"
"Venus","Tanzania; officially the United Republic of Tanzania",0.13,0.28,0.28,226,"""Did I never give her love!"" cried Miss Havisham, turning wildly to me. ""Did I never give her a burning love, inseparable from jealousy at all times, and from sharp pain, while she speaks thus to me! Let her call me mad, let her call me mad!""","Debussy","Composers"
"Earth","Slovenia",0.54,0.98,0.61,323,"""There, there, there!"" with the impatient movement of her fingers. ""I don't want to know. Are you ready to play?""","Risk","Games"
"Jupiter","Montenegro",0.34,0.08,0.69,308,"""Out of a cupboard,"" said I. ""And I saw pistols in it,—and jam,—and pills. And there was no daylight in the room, but it was all lighted up with candles.""","Chopin","Composers"
"Neptune","Australia",0.63,0.86,0.13,158,"""Now, here,"" replied Mr. Jaggers, fixing me for the first time with his dark deep-set eyes, ""we must revert to the evening when we first encountered one another in your village. What did I tell you then, Pip?""","Scrabble","Games"
"Jupiter","Vanuatu",0.69,0.48,0.2,212,"""Now, Mr. Pip, you know,"" said Wemmick, ""you and I understand one another. We are in our private and personal capacities, and we have been engaged in a confidential transaction before to-day. Official sentiments are one thing. We are extra official.""","Mozart","Composers"
"Mars","Philippines",0.92,0.14,0.46,271,"""As you say, Pip,"" returned Mr. Jaggers, turning his eyes upon me coolly, and taking a bite at his forefinger, ""I am not at all responsible for that.""","Debussy","Composers"
"Saturn","Burkina Faso",0.82,0.72,0.95,242,"""You know I never shall be, so that's always. Not that I have any occasion to tell you anything, for you know everything I know,—as I told you at home the other night.""","Stratego","Games"
"Uranus","South Africa",0.99,0.96,0.55,239,"She was so quiet, and had such an orderly, good, and pretty way with her, that I did not like the thought of making her cry again. After looking a little at her downcast eyes as she walked beside me, I gave up that point.","JS Bach","Composers"
"Saturn","Mexico",0.02,0.41,0.53,266,"""But yours cannot be dismissed; indeed, my dear dear Handel, it must not be dismissed. I wish you would enter on it now, as far as a few friendly words go, with me.""","Stratego","Games"
"Pluto","Timor-Leste (East Timor)",0.55,0.05,0.45,261,"Tolerably, for I had gone up the staircase in the dark, many a time. I ascended it now, in lighter boots than of yore, and tapped in my old way at the door of Miss Havisham's room. ""Pip's rap,"" I heard her say, immediately; ""come in, Pip.""","Monopoly","Games"
"Mars","Slovakia (Slovak Republic)",0.96,0.85,0.36,187,"I looked about me, but there appeared to be now no possible escape from the inquiry, ""Have-I—anything to receive, sir?"" On that, Mr. Jaggers said, triumphantly, ""I thought we should come to it!"" and called to Wemmick to give him that piece of paper. Wemmick appeared, handed it in, and disappeared.","Mozart","Composers"
"Saturn","Spain",0.84,0.03,0.91,275,"""I don't know what possessed me, Joe,"" I replied, letting his shirt sleeve go, and sitting down in the ashes at his feet, hanging my head; ""but I wish you hadn't taught me to call Knaves at cards Jacks; and I wish my boots weren't so thick nor my hands so coarse.""","CLUE","Games"
"Earth","El Salvador",0.93,0.5,0.54,247,"""As to the absence of plate, that's only his natural depth, you know. A river's its natural depth, and he's his natural depth. Look at his watch-chain. That's real enough.""","Handel","Composers"
"Uranus","Tunisia",0.76,0.56,0.57,217,"""Well, sir,"" returned one of them, bending down and touching me on the shoulder, ""this is a matter that you'll soon arrange, I dare say, but you're arrested.""","Dominion","Games"
"Venus","Bahrain",0.63,0.86,0.69,233,"""Says Compeyson: 'Why, you fool, don't you know she's got a living body? And how should she be up there, without coming through the door, or in at the window, and up the stairs?'","Puerto Rico","Games"
"Venus","Zimbabwe",0,0.51,0.34,229,"I leaned down, and her calm face was like a statue's. ""Now,"" said Estella, gliding away the instant I touched her cheek, ""you are to take care that I have some tea, and you are to take me to Richmond.""","Monopoly","Games"
"Pluto","Saint Vincent and the Grenadines",0.95,0.38,0.11,203,"""Which she received,"" I struck in, ""when she was dressing for her marriage? At twenty minutes to nine?""","Monopoly","Games"
"Neptune","Turks and Caicos Islands",0.07,0.44,0.96,202,"""Never mind what I make it, my friend,"" observed Mr. Jaggers, with a knowing and contradictory toss of his head. ""I want to know what you make it.""","Chopin","Composers"
"Saturn","Japan",0.3,0.16,0.5,283,"""O Miss Havisham,"" said I, ""I can do it now. There have been sore mistakes; and my life has been a blind and thankless one; and I want forgiveness and direction far too much, to be bitter with you.""","Settlers of Catan","Games"
"Saturn","Sri Lanka",0.2,0.47,0.45,226,"At first, I had to shut some gates after me, and now and then to stand still while the cattle that were lying in the banked-up pathway arose and blundered down among the grass and reeds. But after a little while I seemed to have the whole flats to myself.","CLUE","Games"
"Neptune","Reunion Island",0.04,0.44,0.79,315,"In about a month after that, the Spider's time with Mr. Pocket was up for good, and, to the great relief of all the house but Mrs. Pocket, he went home to the family hole.","UNO","Games"
"Saturn","Botswana",0.17,0.01,0.77,246,"So, when we had walked home and had had tea, I took Biddy into our little garden by the side of the lane, and, after throwing out in a general way for the elevation of her spirits, that I should never forget her, said I had a favor to ask of her.","Brahms","Composers"
"Neptune","Virgin Islands (British)",0.76,0.4,0.46,222,"""I think,"" said Joe, after meditating a long time, and looking rather evasively at the window-seat, ""as I did hear tell that how he were something or another in a general way in that direction.""","Dvorak","Composers"
"Earth","Bulgaria",0.07,0.42,0.85,241,"""Compeyson, he looks at me very noticing, and I look at him. He has a watch and a chain and a ring and a breast-pin and a handsome suit of clothes.","Apples to Apples","Games"
"Neptune","Congo, Republic of(Brazzaville)",0.81,0.01,0.15,293,"The sergeant ran in first, when we had run the noise quite down, and two of his men ran in close upon him. Their pieces were cocked and levelled when we all ran in.","Tchaikovsky","Composers"
"Jupiter","Cambodia",0.64,0.1,0.33,354,"Miss Sarah Pocket, whom I now saw to be a little dry, brown, corrugated old woman, with a small face that might have been made of walnut-shells, and a large mouth like a cat's without the whiskers, supported this position by saying, ""No, indeed, my dear. Hem!""","Chess","Games"
"Venus","Kyrgyzstan",0.93,0.49,0.14,229,"""No, no,"" said Wemmick, coolly, ""you don't care."" Then, turning to me, ""Served His Majesty this man. Was a soldier in the line and bought his discharge.""","Ticket to Ride","Games"
"Venus","Aruba",0.15,0.08,0.71,272,"""Here's Mr. Pip, aged parent,"" said Wemmick, ""and I wish you could hear his name. Nod away at him, Mr. Pip; that's what he likes. Nod away at him, if you please, like winking!""","Mozart","Composers"
"Neptune","Marshall Islands",0.7,0.65,0.64,255,"Herbert shrugged his shoulders. ""There has always been an Estella, since I have heard of a Miss Havisham. I know no more. And now, Handel,"" said he, finally throwing off the story as it were, ""there is a perfectly open understanding between us. All that I know about Miss Havisham, you know.""","Handel","Composers"
"Earth","Seychelles",0.42,0.78,0.37,226,"""Stop!"" said I, almost in a frenzy of fear and dislike, ""I want to speak to you. I want to know what is to be done. I want to know how you are to be kept out of danger, how long you are going to stay, what projects you have.""","Dvorak","Composers"
"Neptune","Papua New Guinea",0.05,0.02,0.65,300,"""Well, boy,"" Uncle Pumblechook began, as soon as he was seated in the chair of honor by the fire. ""How did you get on up town?""","Chess","Games"
"Venus","Jamaica",0.96,0.28,0.3,214,"""Why, of course, my dear boy,"" returned Herbert, in a tone of surprise, and again bending forward to get a nearer look at me. ""He says it all. I have no other information.""","Scrabble","Games"
"Earth","New Zealand",0.81,0.51,0.24,261,"It was at this dark time of my life that Herbert returned home one evening, a good deal cast down, and said,—","Brahms","Composers"
"Jupiter","China",0.14,0.92,0.26,181,"""Handel,"" said Herbert, stopping, ""you feel convinced that you can take no further benefits from him; do you?""","Dominion","Games"
"Uranus","Pitcairn Island",0.6,0.09,0.47,271,"Her entrapped hand was on the table, but she had already put her other hand behind her waist. ""Master,"" she said, in a low voice, with her eyes attentively and entreatingly fixed upon him. ""Don't.""","Puerto Rico","Games"
"Mars","Micronesia, Federal States of",0.88,0.54,0.85,268,"""Come in, Pip,"" Miss Havisham continued to mutter, without looking round or up; ""come in, Pip, how do you do, Pip? so you kiss my hand as if I were a queen, eh?—Well?""","Stratego","Games"
"Venus","Guinea",0.38,0.18,0.11,294,"""Quite my opinion,"" said Drummle, ""and what I should have suggested myself, or done—more likely—without suggesting. But don't lose your temper. Haven't you lost enough without that?""","Mendelssohn","Composers"
"Mars","Greenland",0.18,0.58,0.37,162,"We all began to suspect that Mr. Wopsle was not the man we had thought him, and that he was beginning to be found out.","Risk","Games"
"Jupiter","Uganda",0.85,0.5,0.68,250,"Some weeks passed without bringing any change. We waited for Wemmick, and he made no sign. If I had never known him out of Little Britain, and had never enjoyed the privilege of being on a familiar footing at the Castle, I might have doubted him; not so for a moment, knowing him as I did.","Ticket to Ride","Games"
"Saturn","Equatorial Guinea",0.68,0.46,0.9,278,"""But I am not a fortune-teller,"" he said, letting his head drop into a festoon of towel, and towelling away at his two ears. ""You know what I am, don't you? Good night, Pip.""","CLUE","Games"
"Saturn","Serbia",0.16,0.96,0.07,277,"""I have got so out of it!"" said Mr. Wemmick,—""except at last. Very glad, I'm sure, to make your acquaintance. Good day!""","Stravinsky","Composers"
"Pluto","Israel",0.78,0.38,0.69,168,"It happened on the occasion of this visit that some sharp words arose between Estella and Miss Havisham. It was the first time I had ever seen them opposed.","Dvorak","Composers"
"Saturn","Montserrat",0.09,0.21,0.86,258,"""You're a foul shrew, Mother Gargery,"" growled the journeyman. ""If that makes a judge of rogues, you ought to be a good'un.""","Trivial Pursuit","Games"
"Neptune","Malawi",0.39,0.72,0.52,277,"""I thought and hoped you could not mean it. You, so young, untried, and beautiful, Estella! Surely it is not in Nature.""","Brahms","Composers"
"Jupiter","Korea, Republic of (South Korea)",0.12,0.95,1,165,"I found, now I had leisure to count them, that there were no fewer than six little Pockets present, in various stages of tumbling up. I had scarcely arrived at the total when a seventh was heard, as in the region of air, wailing dolefully.","Chess","Games"
"Uranus","Romania",0.75,0.81,0.57,161,"""Hah!"" said Mrs. Joe, restoring Tickler to his station. ""Churchyard, indeed! You may well say churchyard, you two."" One of us, by the by, had not said it at all. ""You'll drive me to the churchyard betwixt you, one of these days, and O, a pr-r-recious pair you'd be without me!""","UNO","Games"
"Jupiter","Netherlands Antilles",0.05,0.16,0.89,321,"""When he come to the grave,"" said our conductor, ""he showed his cloak beautiful. But, judging from the wing, it looked to me that when he see the ghost in the queen's apartment, he might have made more of his stockings.""","Mendelssohn","Composers"
"Neptune","Brazil",0.08,0.56,0.17,266,"My eye had been caught by a gun with a brass-bound stock over the chimney-piece, and his eye had followed mine.","Mozart","Composers"
"Saturn","Colombia",0.45,0.25,0.17,204,"""Come!"" said the stranger, ""I'll help you. You don't deserve help, but I'll help you. Look at that paper you hold in your hand. What is it?""","UNO","Games"
"Saturn","Peru",0.06,0.83,0.57,273,"""Well,"" said Joe, with the same appearance of profound cogitation, ""he is not—no, not to deceive you, he is not—my nevvy.""","Handel","Composers"
"Earth","Lesotho",0,0.76,0.49,204,"She? I looked at Joe, making the motion with my lips and eyebrows, ""She?"" Joe looked at me, making the motion with his lips and eyebrows, ""She?"" My sister catching him in the act, he drew the back of his hand across his nose with his usual conciliatory air on such occasions, and looked at her.","Mendelssohn","Composers"
"Earth","Central African Republic",0.42,0.68,0.22,257,"""Always seems to me,"" said Wemmick, ""as if he had set a man-trap and was watching it. Suddenly-click—you're caught!""","Trivial Pursuit","Games"
"Saturn","Andorra",1,0.47,0.8,251,"""Did she?"" said Mr. Jaggers, bending forward to look at his boots and then straightening himself. ""Hah! I don't think I should have done so, if I had been Miss Havisham. But she ought to know her own business best.""","Risk","Games"
"Earth","Uzbekistan",0.36,0.45,0.74,249,"""What the Blue Blazes is he?"" asked the stranger. Which appeared to me to be an inquiry of unnecessary strength.","Schumann","Composers"
"Earth","Azerbaijan",0.8,0.56,0.37,208,"""Pip,"" said Mr. Jaggers, laying his hand upon my arm, and smiling openly, ""this man must be the most cunning impostor in all London.""","Liszt","Composers"
"Venus","Trinidad and Tobago",0.15,0.22,0.77,244,"""Pip,"" said Estella, casting her glance over the room, ""don't be foolish about its effect on you. It may have its effect on others, and may be meant to have. It's not worth discussing.""","Tchaikovsky","Composers"
"Pluto","Guyana",0.28,0.56,0.21,245,"When we came near the churchyard, we had to cross an embankment, and get over a stile near a sluice-gate. There started up, from the gate, or from the rushes, or from the ooze (which was quite in his stagnant way), Old Orlick.","Puerto Rico","Games"
"Venus","Korea, Democratic People's Rep. (North Korea)",0.5,0.87,0.84,160,"Mindful, then, of what we had read together, I thought of the two men who went up into the Temple to pray, and I knew there were no better words that I could say beside his bed, than ""O Lord, be merciful to him a sinner!""","JS Bach","Composers"
"Neptune","Turkmenistan",0.08,0.4,0.37,190,"Biddy sighed as she looked at the ships sailing on, and returned for answer, ""Yes; I am not over-particular."" It scarcely sounded flattering, but I knew she meant well.","Debussy","Composers"
"Neptune","Antigua and Barbuda",0.46,0.31,0.49,219,"""Then to make an end of it,"" said Joe, delightedly handing the bag to my sister; ""it's five-and-twenty pound.""","Dominion","Games"
"Uranus","Togo",0.31,0.94,0.03,207,"We went on our way up stairs after this episode; and, as we were going up, we met a gentleman groping his way down.","Monopoly","Games"
"Venus","Zambia",0.21,1,0.93,223,"""I have been informed by Wemmick,"" pursued Mr. Jaggers, still looking hard at me, ""that he has received a letter, under date Portsmouth, from a colonist of the name of Purvis, or—""","Stravinsky","Composers"
"Neptune","Djibouti",0.09,0.44,0.77,323,"""The night being so bad, sir,"" said the watchman, as he gave me back my glass, ""uncommon few have come in at my gate. Besides them three gentlemen that I have named, I don't call to mind another since about eleven o'clock, when a stranger asked for you.""","Brahms","Composers"
"Earth","Bosnia and Herzegovina",0.71,0.53,0.08,178,"""I know more of the history of Miss Havisham's adopted child than Miss Havisham herself does, sir. I know her mother.""","Chopin","Composers"
"Earth","Finland",0.02,0.79,0.6,260,"""Where did you learn how I speak of others? Come, come,"" said Estella, smiling delightfully, ""you must not expect me to go to school to you; I must talk in my own way. How do you thrive with Mr. Pocket?""","Mozart","Composers"
"Mars","Kazakhstan",0.46,0.41,0.94,306,"""Well!"" cried my sister, with a mollified glance at Mr. Pumblechook. ""She might have had the politeness to send that message at first, but it's better late than never. And what did she give young Rantipole here?""","CLUE","Games"
"Jupiter","Brunei Darussalam",0.04,0.87,0.66,217,"""I have seen it, Herbert, and dreamed of it, ever since the fatal night of his arrival. Nothing has been in my thoughts so distinctly as his putting himself in the way of being taken.""","Brahms","Composers"
"Saturn","Palau",0.6,0.72,0.71,203,"""And she an't over partial to having scholars on the premises,"" Joe continued, ""and in partickler would not be over partial to my being a scholar, for fear as I might rise. Like a sort of rebel, don't you see?""","Dominion","Games"
"Mars","Nicaragua",0.08,0.44,0.11,289,"Some sense of the grimly-ludicrous moved me to a fretful laugh, as I replied, ""I have looked over it. In Heaven's name, don't harp upon it!""","Stravinsky","Composers"
"Pluto","Belize",0.81,0.35,0.44,290,"""Well, Mas'r Jaggers,"" said Mike, wiping his nose on his fur cap this time; ""in a general way, anythink.""","Wagner","Composers"
"Saturn","Denmark",0.62,0.64,0.09,241,"""Yes. Ask him,"" said Herbert, ""when we sit at breakfast in the morning."" For he had said, on taking leave of Herbert, that he would come to breakfast with us.","Apples to Apples","Games"
"Jupiter","Liechtenstein",0.05,0.79,0.37,296,"When he had got his shilling, and had in course of time completed the ascent to his box, and had got away (which appeared to relieve his mind), I went into the front office with my little portmanteau in my hand and asked, Was Mr. Jaggers at home?","Stravinsky","Composers"
"Pluto","Tonga",0.45,0.83,0.22,259,"After darkly looking at his leg and me several times, he came closer to my tombstone, took me by both arms, and tilted me back as far as he could hold me; so that his eyes looked most powerfully down into mine, and mine looked most helplessly up into his.","Dvorak","Composers"
"Uranus","Algeria",0.28,0.74,0.85,279,"""What? You won't answer the question, yes or no? Now, I'll try you again."" Throwing his finger at him again. ""Attend to me. Are you aware, or are you not aware, that none of these witnesses have yet been cross-examined? Come, I only want one word from you. Yes, or no?""","Yahtzee","Games"
"Mars","Cayman Islands",0.83,0.56,0.29,318,"It was very aggravating; but, throughout the interview, Joe persisted in addressing Me instead of Miss Havisham.","Mendelssohn","Composers"
"Jupiter","French Southern Territories",0.13,0.31,0.81,197,"We had not gone far when three cannon were fired ahead of us with a sound that seemed to burst something inside my ear. ""You are expected on board,"" said the sergeant to my convict; ""they know you are coming. Don't straggle, my man. Close up here.""","UNO","Games"
"Neptune","Senegal",0.87,0.24,0.17,166,"""Did I?"" she replied, in an incidental and forgetful way. ""I remember I entertained a great objection to your adversary, because I took it ill that he should be brought here to pester me with his company.""","Dominion","Games"
"Jupiter","Sao Tome and Principe",0,0.69,0.98,189,"""Good. You had better try him in his own house. The way shall be prepared for you, and you can see his son first, who is in London. When will you come to London?""","Schumann","Composers"
"Neptune","United Arab Emirates",0.69,0.33,0.05,308,"""Instead of that,"" said I, plucking up more grass and chewing a blade or two, ""see how I am going on. Dissatisfied, and uncomfortable, and—what would it signify to me, being coarse and common, if nobody had told me so!""","JS Bach","Composers"
"Saturn","Greece",0.17,0.03,0.42,201,"""Everybody should know his own business,"" said Mr. Jaggers. And I saw Wemmick's lips form the words ""portable property.""","Debussy","Composers"
"Mars","Gibraltar",0.37,0.16,0.76,268,"""Certainly you know it. Then why didn't you say so at first? Now, I'll ask you another question,""—taking possession of Mr. Wopsle, as if he had a right to him,—""do you know that none of these witnesses have yet been cross-examined?""","Mendelssohn","Composers"
"Mars","Monaco",0.33,0.14,0.85,304,"""Saturday night,"" said I, when we sat at our supper of bread and cheese and beer. ""Five more days, and then the day before the day! They'll soon go.""","Debussy","Composers"
"Earth","Nauru",0.43,0.57,0.94,241,"O that he had never come! That he had left me at the forge,—far from contented, yet, by comparison happy!","Stratego","Games"
"Neptune","Christmas Island",0.87,0.96,0.46,211,"""With some money down,"" I replied, for an uneasy remembrance shot across me of that symmetrical bundle of papers at home—""with some money down, and perhaps some anticipation of my expectations.""","Mendelssohn","Composers"
"Venus","Iraq",0.93,0.02,0.85,240,"""So you did. And so he is. He was very communicative last night, and told me more of his life. You remember his breaking off here about some woman that he had had great trouble with.—Did I hurt you?""","Schubert","Composers"
"Neptune","Syria, Syrian Arab Republic",0.86,0.46,0.75,280,"""I wonder who's put into prison-ships, and why they're put there?"" said I, in a general way, and with quiet desperation.","Handel","Composers"
"Jupiter","Bolivia",0.15,0.64,0.13,245,"""Then, I have talked with Wemmick,"" said I, ""and have come to tell you what caution he gave me and what advice.""","CLUE","Games"
"Neptune","Lithuania",0.91,0.48,0.7,239,"""Have you heard, Joe,"" I asked him that evening, upon further consideration, as he smoked his pipe at the window, ""who my patron was?""","Battleship","Games"
"Saturn","Eritrea",0.14,0.31,0.3,315,"""Thankee!"" said Wemmick, rubbing his hands. ""She's such a manager of fowls, you have no idea. You shall have some eggs, and judge for yourself. I say, Mr. Pip!"" calling me back, and speaking low. ""This is altogether a Walworth sentiment, please.""","Chopin","Composers"
"Earth","Palestinian territories",0.1,0.12,0.02,295,"""Not wishful to intrude I have departured fur you are well again dear Pip and will do better without JO.","Chess","Games"
"Earth","Suriname",0.84,0.32,0.68,267,"I saw Miss Havisham put her hand to her heart and hold it there, as she sat looking by turns at Estella and at me.","Monopoly","Games"
"Pluto","Burundi",0.86,0.69,0.82,243,"Here Joe's hat tumbled off the mantel-piece, and he started out of his chair and picked it up, and fitted it to the same exact spot. As if it were an absolute point of good breeding that it should tumble off again soon.","Haydn","Composers"
"Pluto","Great Britain",0.89,0.86,0.71,216,"We Britons had at that time particularly settled that it was treasonable to doubt our having and our being the best of everything: otherwise, while I was scared by the immensity of London, I think I might have had some faint doubts whether it was not rather ugly, crooked, narrow, and dirty.","Dominion","Games"
"Neptune","Canada",0.4,0.94,0.88,130,"I took her hand in mine, and we went out of the ruined place; and, as the morning mists had risen long ago when I first left the forge, so the evening mists were rising now, and in all the broad expanse of tranquil light they showed to me, I saw no shadow of another parting from her.","Chess","Games"
"Venus","Panama",0.21,0.04,0.23,277,"""Joe,"" said I, taking hold of his rolled-up shirt sleeve, and twisting it between my finger and thumb, ""you remember all that about Miss Havisham's?""","Dominion","Games"
"Mars","Guam",0.05,0.07,0.27,350,"She gave me a triumphant glance in passing me, as if she rejoiced that my hands were so coarse and my boots were so thick, and she opened the gate, and stood holding it. I was passing out without looking at her, when she touched me with a taunting hand.","Liszt","Composers"
"Earth","East Timor (Timor-Leste)",0.8,0.5,0.14,289,"""Very well, then,"" said I, to whom this was a new and not unwelcome light, ""I have never left off adoring her. And she has come back, a most beautiful and most elegant creature. And I saw her yesterday. And if I adored her before, I now doubly adore her.""","Puerto Rico","Games"
"Mars","Macedonia, Rep. of",0.06,0.67,0.9,268,"""But, Estella, do hear me speak. It makes me wretched that you should encourage a man so generally despised as Drummle. You know he is despised.""","Settlers of Catan","Games"
"Venus","Swaziland",0.21,0.41,0.98,299,"""Whether I should have noticed him at first but for your being there,"" said Mr. Wopsle, going on in the same lost way, ""I can't be positive; yet I think I should.""","JS Bach","Composers"
"Jupiter","Ivory Coast",0.09,0.15,0.67,158,"The last word was flung at the boy, who had not the least notion what it meant. But I saw him collapse as his master rubbed me out with his hands, and my first decided experience of the stupendous power of money was, that it had morally laid upon his back Trabb's boy.","Wagner","Composers"
"Earth","Ecuador",0.07,0.49,0.14,237,"""O yes, I constantly expect to see him,"" returned Herbert, ""because I never hear him, without expecting him to come tumbling through the ceiling. But I don't know how long the rafters may hold.""","Tchaikovsky","Composers"
"Venus","Malaysia",0.22,0.22,0.92,277,"""At,"" repeated Mr. Jaggers, still looking at the ceiling, ""the—rate—of?"" And then looked all round the room, and paused with his pocket-handkerchief in his hand, half-way to his nose.","Mendelssohn","Composers"
"Venus","Lebanon",0.06,0.52,0.08,275,"""I have been thinking, Joe, that when I go down town on Monday, and order my new clothes, I shall tell the tailor that I'll come and put them on there, or that I'll have them sent to Mr. Pumblechook's. It would be very disagreeable to be stared at by all the people here.""","Trivial Pursuit","Games"
"Jupiter","Uruguay",0.33,0.19,0.18,231,"Biddy was waiting for me at the kitchen door, with a mug of new milk and a crust of bread. ""Biddy,"" said I, when I gave her my hand at parting, ""I am not angry, but I am hurt.""","Puerto Rico","Games"
"Mars","Falkland Islands",0.57,0.62,0.42,163,"""You was a saying,"" he observed, when we had confronted one another in silence, ""that surely I must understand. What, surely must I understand?""","Puerto Rico","Games"
"Mars","Kosovo",0.58,0.55,0.44,254,"""Then the time comes,"" said Herbert, ""when you see your opening. And you go in, and you swoop upon it and you make your capital, and then there you are! When you have once made your capital, you have nothing to do but employ it.""","Tchaikovsky","Composers"
"Neptune","Dominica",0.97,0.53,0.62,275,"""N-no, my dear boy,"" said Herbert, after taking time to examine me. ""You are rather excited, but you are quite yourself.""","Apples to Apples","Games"
"Uranus","Bangladesh",0.59,0.15,0.71,208,"""And what's the best of all,"" he said, ""you've been more comfortable alonger me, since I was under a dark cloud, than when the sun shone. That's best of all.""","Puerto Rico","Games"
"Neptune","Taiwan (Republic of China)",0.09,0.98,0.52,281,"""It's all right, dear boy!"" said Provis coming forward, with his little clasped black book, and then addressing himself to Herbert. ""Take it in your right hand. Lord strike you dead on the spot, if ever you split in any way sumever! Kiss it!""","Trivial Pursuit","Games"
"Neptune","Armenia",0.51,0.46,0.27,312,"I stopped for a moment to consider whether there really was this mixture in my character. On the whole, I by no means recognized the analysis, but thought it not worth disputing.","Ticket to Ride","Games"
"Neptune","Croatia",0.07,0.57,0.23,265,"The company murmured their compliments. Uncle Pumblechook, sensible of having deserved well of his fellow-creatures, said,—quite vivaciously, all things considered,—""Well, Mrs. Joe, we'll do our best endeavors; let us have a cut at this same pie.""","Puerto Rico","Games"
"Venus","Oman",0.67,0.06,0.4,276,"""All right, John, all right!"" returned the cheerful old man, so busy and so pleased, that it really was quite charming.","Brahms","Composers"
"Mars","Tuvalu",0.92,0.9,0.63,306,"""But to be proud and hard to me!"" Miss Havisham quite shrieked, as she stretched out her arms. ""Estella, Estella, Estella, to be proud and hard to me!""","Apples to Apples","Games"
"Saturn","French Polynesia",0.92,0.89,0.14,367,"""And don't blame me,"" growled the convict I had recognized. ""I don't want to go. I am quite ready to stay behind. As fur as I am concerned any one's welcome to my place.""","Battleship","Games"
"Earth","Kiribati",0.12,0.42,0.41,351,"Dinner done and we sitting with our feet upon the fender, I said to Herbert, ""My dear Herbert, I have something very particular to tell you.""","Risk","Games"
"Saturn","Namibia",0.96,0.03,0.09,332,"Involuntarily I looked round me, as I was accustomed to look round me when I went home; for these mysterious words gave me a chill.","Dvorak","Composers"
"Mars","Pakistan",0.48,0.35,0.79,305,"""Pocket-handkerchiefs out, all!"" cried Mr. Trabb at this point, in a depressed business-like voice. ""Pocket-handkerchiefs out! We are ready!""","Mendelssohn","Composers"
"Uranus","Norway",0.92,0.82,0.42,314,"""What do you think that is?"" she asked me, again pointing with her stick; ""that, where those cobwebs are?""","Yahtzee","Games"
"Jupiter","Mauritius",0.6,0.59,0.25,214,"I thought of her having said, ""Matthew will come and see me at last when I am laid dead upon that table;"" and I asked Herbert whether his father was so inveterate against her?","Risk","Games"
"Saturn","Saudi Arabia",0.69,0.82,0.34,266,"Joe recited this couplet with such manifest pride and careful perspicuity, that I asked him if he had made it himself.","Stratego","Games"
"Jupiter","Mozambique",0.58,1,0.21,285,"""Why, what do you make out that they done with their buttons then, Jack?"" asked the landlord, vacillating weakly.","Liszt","Composers"
"Pluto","Northern Mariana Islands",0.14,0.59,0.3,183,"""Don't be afraid of my being a blessing to him,"" said Estella; ""I shall not be that. Come! Here is my hand. Do we part on this, you visionary boy—or man?""","Yahtzee","Games"
"Earth","Mongolia",0.63,0.95,0.02,224,"""There ain't no need to go into it,"" he said, looking round once more. ""The time wi' Compeyson was a'most as hard a time as ever I had; that said, all's said. Did I tell you as I was tried, alone, for misdemeanor, while with Compeyson?""","Trivial Pursuit","Games"
"Pluto","Morocco",0.9,0.74,0.48,270,"Biddy dropped her work, and looked at me. Joe held his knees and looked at me. I looked at both of them. After a pause, they both heartily congratulated me; but there was a certain touch of sadness in their congratulations that I rather resented.","Stratego","Games"
"Uranus","Anguilla",0.36,0.28,0.33,164,"Of course I felt my good faith involved in the observance of his request. The punch being very nice, we sat there drinking it and talking, until it was almost nine o'clock. ""Getting near gun-fire,"" said Wemmick then, as he laid down his pipe; ""it's the Aged's treat.""","Schubert","Composers"
"Jupiter","Democratic Republic of the Congo (Kinshasa)",0.33,0.77,0.04,300,"""If you knowed, dear boy,"" he said to me, ""what it is to sit here alonger my dear boy and have my smoke, arter having been day by day betwixt four walls, you'd envy me. But you don't know what it is.""","Dominion","Games"
"Pluto","Antarctica",0.17,0.16,0.47,263,"""Speak the truth, you ingrate!"" cried Miss Havisham, passionately striking her stick upon the floor; ""you are tired of me.""","Debussy","Composers"
"Saturn","Puerto Rico",0.57,0.03,0.57,225,"Quite overpowered by the magnificence of these transactions, I asked him where the ships he insured mostly traded to at present?","UNO","Games"
"Uranus","Moldova, Republic of",0.46,0.72,0.18,265,"He was very much pleased by my asking if I might sleep in my own little room, and I was pleased too; for I felt that I had done rather a great thing in making the request. When the shadows of evening were closing in, I took an opportunity of getting into the garden with Biddy for a little talk.","Ticket to Ride","Games"
"Jupiter","Haiti",0.81,0.74,0.52,278,"""My good Handel, is it not obvious that with Newgate in the next street, there must be far greater hazard in your breaking your mind to him and making him reckless, here, than elsewhere. If a pretext to get him away could be made out of that other convict, or out of anything else in his life, now.""","Stravinsky","Composers"
"Venus","Kuwait",0.55,0.04,0.98,185,"By this time, my sister was quite desperate, so she pounced on Joe, and, taking him by the two whiskers, knocked his head for a little while against the wall behind him, while I sat in the corner, looking guiltily on.","Debussy","Composers"
"Neptune","Switzerland",0.17,1,0.14,194,"It was a weak complaint to have made, and I had not meant to make it. I told her so, as she sat brooding after this outburst.","Liszt","Composers"
"Mars","Guadeloupe",0.86,0.77,0.98,220,"""—Had made some little stir in a certain part of the world where a good many people go, not always in gratification of their own inclinations, and not quite irrespective of the government expense—""","Wagner","Composers"
"Saturn","Gambia",0.96,0.06,0.4,301,"Her fingers stopped for the first time, as she retorted rather angrily, ""What have I told you? Do you still think, in spite of it, that I do not mean what I say?""","Mozart","Composers"
"Earth","United Kingdom",0.56,0.88,0.94,292,"""Besides,"" said Mr. Pumblechook, turning sharp on me, ""think what you've got to be grateful for. If you'd been born a Squeaker—""","Battleship","Games"
"Jupiter","Lao, People's Democratic Republic",0.68,0.03,0.65,326,"""What do you suppose,"" said Mr. Jaggers, bending forward to look at the ground, and then throwing his head back to look at the ceiling,—""what do you suppose you are living at the rate of?""","Chess","Games"
"Mars","Ireland",0.48,0.84,0.35,322,"He wiped himself again, as he had done before, and then slowly took his tangle of tobacco from his pocket, and plucked his pipe from his button-hole, and slowly filled it, and began to smoke.","Liszt","Composers"
"Pluto","South Sudan",0.98,0.94,0.19,274,"After I had pondered a little over this encouraging sentiment, I asked Mr. Jaggers if I could send for a coach? He said it was not worth while, I was so near my destination; Wemmick should walk round with me, if I pleased.","Mendelssohn","Composers"
"Venus","Bhutan",0.26,0.76,0.35,296,"""Hold your noise!"" cried a terrible voice, as a man started up from among the graves at the side of the church porch. ""Keep still, you little devil, or I'll cut your throat!""","Battleship","Games"
"Uranus","Germany",0.49,0.87,0.88,251,"""Biddy,"" I returned with some resentment, ""you are so exceedingly quick that it's difficult to keep up with you.""","Chess","Games"
"Earth","Faroe Islands",0.57,0.17,0.89,192,"""Dread him,"" said Wemmick. ""I believe you they dread him. Not but what he's artful, even in his defiance of them. No silver, sir. Britannia metal, every spoon.""","Handel","Composers"
"Earth","Liberia",0.59,0.19,0.64,321,"""You gave it to yourself; you gained it for yourself. I could have done you no harm, if you had done yourself none.""","Stratego","Games"
"Neptune","Poland",0.59,0.55,0.4,249,"""Well!"" Wemmick replied, ""I don't know her story,—that is, I don't know all of it. But what I do know I'll tell you. We are in our private and personal capacities, of course.""","Wagner","Composers"
"Pluto","Argentina",0.77,0.26,0.31,242,"""Hear me out,—but if I were to remove Joe into a higher sphere, as I shall hope to remove him when I fully come into my property, they would hardly do him justice.""","Ticket to Ride","Games"
"Venus","San Marino",0.31,0.46,0.54,277,"""Well!"" said I, ""we must talk together a little more, as we used to do. And I must consult you a little more, as I used to do. Let us have a quiet walk on the marshes next Sunday, Biddy, and a long chat.""","Yahtzee","Games"
"Earth","Cyprus",0.53,0.71,0.06,282,"""Yes, but look'ee here,"" he persisted. ""Dear boy, I ain't come so fur, not fur to be low. Now, go on, dear boy. You was a saying—""","Yahtzee","Games"
"Pluto","Tibet",0.51,0.12,0.4,170,"""Thankee, Sir,"" said Joe, stiff from head to foot, ""I'll take whichever is most agreeable to yourself.""","Trivial Pursuit","Games"
"Uranus","Niue",0.72,0.98,0.42,284,"""I know you do,"" said the stranger; ""I knew you would. I told you so. But now I'll ask you a question. Do you know, or do you not know, that the law of England supposes every man to be innocent, until he is proved-proved—to be guilty?""","Settlers of Catan","Games"
"Pluto","Virgin Islands (U.S.)",0.61,0.49,0.08,315,"If the villain had stopped here, his case would have been sufficiently awful, but he blackened his guilt by proceeding to take me into custody, with a right of patronage that left all his former criminality far behind.","Risk","Games"
"Mars","Thailand",0.85,0.3,0.51,324,"""You must know,"" said Estella, condescending to me as a brilliant and beautiful woman might, ""that I have no heart,—if that has anything to do with my memory.""","Wagner","Composers"
"Venus","New Caledonia",0.19,0.45,0.29,209,"""You do,"" said she. ""You have been crying till you are half blind, and you are near crying again now.""","Dominion","Games"
"Jupiter","Cape Verde",0.91,0.17,0.09,197,"""Tell him to take his witness away directly,"" said my guardian to the clerk, in extreme disgust, ""and ask him what he means by bringing such a fellow as that.""","Stravinsky","Composers"
"Neptune","Dominican Republic",0.46,0.46,0.57,241,"""Begging your pardon, ma'am,"" returned the housemaid, ""I should wish to speak at once, and to speak to master.""","Stratego","Games"
"Venus","Grenada",0.63,0.67,0.52,196,"""Well,"" I returned, glad for once to get the better of him in cross-examination, ""I do not know, for I have not made up my mind.""","Chess","Games"
"Neptune","Cocos (Keeling) Islands",0.27,0.99,0.53,171,"As we were going with our candle along the dark passage, Estella stopped all of a sudden, and, facing round, said in her taunting manner, with her face quite close to mine,—","Ticket to Ride","Games"
"Mars","Belgium",0.22,0.18,0.58,266,"""With pleasure,"" said he, ""though I venture to prophesy that you'll want very few hints. I dare say we shall be often together, and I should like to banish any needless restraint between us. Will you do me the favour to begin at once to call me by my Christian name, Herbert?""","Risk","Games"
"Jupiter","Ukraine",0.77,0.61,0.82,185,"The fact was, that when the five hundred pounds had come into my pocket, a thought had come into my head which had been often there before; and it appeared to me that Wemmick was a good person to advise with concerning such thought.","Stravinsky","Composers"
"Venus","Iran (Islamic Republic of)",0.2,0.54,0.99,226,"""And how are you?"" said Miss Havisham to Camilla. As we were close to Camilla then, I would have stopped as a matter of course, only Miss Havisham wouldn't stop. We swept on, and I felt that I was highly obnoxious to Camilla.","Settlers of Catan","Games"
"Earth","Western Sahara",0.3,0.84,0.87,268,"He produced a long purse, with the greatest coolness, and counted them out on the table and pushed them over to me. This was the first time he had taken his leg from the chair. He sat astride of the chair when he had pushed the money over, and sat swinging his purse and eyeing Joe.","Mozart","Composers"
"Jupiter","Rwanda",0.02,0.17,0.1,165,"""You are one of those, Biddy,"" said I, ""who make the most of every chance. You never had a chance before you came here, and see how improved you are!""","Yahtzee","Games"
"Jupiter","Myanmar, Burma",0.09,0.26,0.93,271,"""To think,"" said Mr. Pumblechook, after snorting admiration at me for some moments, ""that I should have been the humble instrument of leading up to this, is a proud reward.""","Monopoly","Games"
"Uranus","Singapore",0.41,0.03,0.57,343,"""Yes!"" said I. And although my sister instantly boxed my ears, it was highly gratifying to me to see that the answer spoilt his joke, and brought him to a dead stop.","JS Bach","Composers"
"Earth","Angola",0.44,0.04,0.13,257,"""Yes, Biddy,"" I observed, when I had done turning it over, ""you were my first teacher, and that at a time when we little thought of ever being together like this, in this kitchen.""","Liszt","Composers"
"Pluto","Jordan",0.89,0.85,1,296,"""Stop half a moment, Mr. Gargery,"" said the strange man. ""I think I've got a bright new shilling somewhere in my pocket, and if I have, the boy shall have it.""","Wagner","Composers"
"Mars","Portugal",0.67,0.54,0.27,246,"Perhaps they replied, or argued the point, or tried to encourage me to believe that I was better than I thought. Forasmuch as they hang in my memory by only this one slender thread, I don't know what they did, except that they forbore to remove me.","Liszt","Composers"
"Pluto","Comoros",0.43,0.92,0.25,329,"""Now, follow that passage with your eye, and tell me whether it distinctly states that the prisoner expressly said that he was instructed by his legal advisers wholly to reserve his defence? Come! Do you make that of it?""","Puerto Rico","Games"
"Neptune","Austria",0.38,0.97,0.45,236,"She said the word often enough, and there could be no doubt that she meant to say it; but if the often repeated word had been hate instead of love—despair—revenge—dire death—it could not have sounded from her lips more like a curse.","JS Bach","Composers"
"Saturn","Benin",0.13,0.59,0.13,208,"Wemmick was at his desk, lunching—and crunching—on a dry hard biscuit; pieces of which he threw from time to time into his slit of a mouth, as if he were posting them.","Wagner","Composers"
"Jupiter","Holy See",0.33,0.78,0.56,318,"He was stopped in his running on and in his shaking hands with me, by seeing Provis. Provis, regarding him with a fixed attention, was slowly putting up his jackknife, and groping in another pocket for something else.","Ticket to Ride","Games"
"Neptune","Bermuda",0.66,0.44,0.74,180,"He regarded me with a look of affection that made him almost abhorrent to me again, though I had felt great pity for him.","Ticket to Ride","Games"
"Venus","French Guiana",0.95,0.42,0.71,325,"""If you had waited another moment, Biddy, you would have heard me say that I shall bring my clothes here in a bundle one evening,—most likely on the evening before I go away.""","CLUE","Games"
"Jupiter","Cuba",0.66,0.08,0.3,272,"""Not, I grant you, but what his manners is given to blusterous,"" said Joe, apologetically; ""still, a Englishman's ouse is his Castle, and castles must not be busted 'cept when done in war time. And wotsume'er the failings on his part, he were a corn and seedsman in his hart.""","Chopin","Composers"
"Earth","Iceland",0.12,0.69,0.98,237,"Miss Havisham and I had never stopped all this time, but kept going round and round the room; now brushing against the skirts of the visitors, now giving them the whole length of the dismal chamber.","Settlers of Catan","Games"
"Neptune","Saint Kitts and Nevis",0.98,0.83,0.26,333,"The coffee-room at the Blue Boar was empty, and I had not only ordered my dinner there, but had sat down to it, before the waiter knew me. As soon as he had apologized for the remissness of his memory, he asked me if he should send Boots for Mr. Pumblechook?","Puerto Rico","Games"
"Uranus","Saint Lucia",0.86,0.69,0.11,272,"She uttered the word with an eager look, and with strong emphasis, and with a weird smile that had a kind of boast in it. Afterwards she kept her hands there for a little while, and slowly took them away as if they were heavy.","Apples to Apples","Games"
"Neptune","Indonesia",0.01,0.1,0.61,282,"At a change in his manner as if he were even going to embrace me, I laid a hand upon his breast and put him away.","Chess","Games"
"Pluto","American Samoa",0.46,0.31,0.81,265,"I could not help thinking that it might be harder if the butcher's time and attention were diverted from dear Mrs. Pocket; but I said nothing, and indeed had enough to do in keeping a bashful watch upon my company manners.","CLUE","Games"
"Neptune","Chile",0.61,0.82,0.3,275,"It began with the strange gentleman's sitting down at the table, drawing the candle to him, and looking over some entries in his pocket-book. He then put up the pocket-book and set the candle a little aside, after peering round it into the darkness at Joe and me, to ascertain which was which.","Stratego","Games"
"Neptune","Niger",0.52,0.62,0.53,289,"""I dare say you wonder at me, Mr. Pip; indeed, I see you do. But it is so very strange! You'll hardly believe what I am going to tell you. I could hardly believe it myself, if you told me.""","Brahms","Composers"
"Pluto","Ethiopia",0.06,0.84,0.78,266,"""This friend,"" I pursued, ""is trying to get on in commercial life, but has no money, and finds it difficult and disheartening to make a beginning. Now I want somehow to help him to a beginning.""","Dominion","Games"
"Neptune","Madagascar",0.14,0.36,0.22,193,"""We don't run much into clerks, because there's only one Jaggers, and people won't have him at second hand. There are only four of us. Would you like to see 'em? You are one of us, as I may say.""","Chess","Games"
"Saturn","Paraguay",0.61,0.06,0.45,337,"""Do you see him?"" pursued my convict. ""Do you see what a villain he is? Do you see those grovelling and wandering eyes? That's how he looked when we were tried together. He never looked at me.""","JS Bach","Composers"
"Neptune","Venezuela",0.65,0.38,0.53,214,"At these words, the face of him who supported me looked over into mine, and I saw my supporter to be—","Trivial Pursuit","Games"
"Mars","Egypt",0.88,0,0.79,215,"""Not a bit on it, dear boy! It comes of flowing on so quiet, and of that there rippling at the boat's head making a sort of a Sunday tune. Maybe I'm a growing a trifle old besides.""","Schumann","Composers"
"Venus","United States",0.65,0.17,0.05,242,"It was no laughing matter with Estella now, nor was she summoning these remembrances from any shallow place. I would not have been the cause of that look of hers for all my expectations in a heap.","Scrabble","Games"
"Uranus","Barbados",0.17,0.62,0.7,304,"As he had scarcely seen my three companions until now,—for he and I had walked together,—he stood on the hearth-rug, after ringing the bell, and took a searching look at them. To my surprise, he seemed at once to be principally if not solely interested in Drummle.","Chess","Games"
"Pluto","Sudan",0.65,1,0.34,285,"""So,"" said Estella, ""I must be taken as I have been made. The success is not mine, the failure is not mine, but the two together make me.""","Yahtzee","Games"
"Uranus","Martinique",0.87,0.4,0.76,200,"She managed our whole domestic life, and wonderfully too; but I did not mean that, though that made what I did mean more surprising.","Schubert","Composers"
"Jupiter","Wallis and Futuna Islands",0.89,0.87,0.09,332,"""Well, I don't know,"" returned Joe. ""I'm so awful dull. I'm only master of my own trade. It were always a pity as I was so awful dull; but it's no more of a pity now, than it was—this day twelvemonth—don't you see?""","Chess","Games"
"Pluto","Belarus",0.81,0.24,0.37,187,"""There is a certain tutor, of whom I have some knowledge, who I think might suit the purpose,"" said Mr. Jaggers. ""I don't recommend him, observe; because I never recommend anybody. The gentleman I speak of is one Mr. Matthew Pocket.""","Mozart","Composers"
"Pluto","Vatican City State (Holy See)",0.69,0.45,0.8,253,"""Young man, I am sorry to see you brought low. But what else could be expected! what else could be expected!""","Monopoly","Games"
"Neptune","Qatar",0.77,0.44,0.76,224,"""In heaven's name,"" said I, firing in spite of myself, ""what does it matter to you where I am going? Leave that teapot alone.""","Chess","Games"
"Neptune","Italy",0.5,0.11,0.73,256,"""One day is so like another here,"" he replied, ""that I don't know without casting it up. However, I come here some time since you left.""","Monopoly","Games"
"Jupiter","Samoa",0.61,0.52,0.38,328,"""Lord bless the boy!"" exclaimed my sister, as if she didn't quite mean that but rather the contrary. ""From the Hulks!""","CLUE","Games"
"Saturn","Turkey",0.92,0.59,0,272,"Again my mind, with its former inconceivable rapidity, had exhausted the whole subject of the attack upon my sister, her illness, and her death, before his slow and hesitating speech had formed these words.","Haydn","Composers"
"Saturn","Russian Federation",0.07,0.66,0.04,183,"""You can say what you like,"" returned the sergeant, standing coolly looking at him with his arms folded, ""but you have no call to say it here. You'll have opportunity enough to say about it, and hear about it, before it's done with, you know.""","Battleship","Games"
"Jupiter","Fiji",0.25,0.55,0.3,251,"""Mind!"" said my convict, wiping blood from his face with his ragged sleeves, and shaking torn hair from his fingers: ""I took him! I give him up to you! Mind that!""","Haydn","Composers"
"Neptune","Czech Republic",0.24,0.18,0.01,179,"""Who am I,"" cried Miss Havisham, striking her stick upon the floor and flashing into wrath so suddenly that Estella glanced up at her in surprise,—""who am I, for God's sake, that I should be kind?""","Trivial Pursuit","Games"
"Uranus","Hungary",0.1,0.41,0.3,272,"Curious to know whether Biddy suspected him of having had a hand in that murderous attack of which my sister had never been able to give any account, I asked her why she did not like him.","Wagner","Composers"
